{
  "cli": {
    "version": ">= 12.0.0"
  },
  "build": {
    "development": {
      "developmentClient": true,
      "distribution": "internal",
      "ios": {
        "resourceClass": "m-medium"
      },
      "android": {
        "resourceClass": "medium"
      }
    },
    "preview": {
      "distribution": "internal",
      "ios": {
        "resourceClass": "m-medium"
      },
      "android": {
        "resourceClass": "medium"
      }
    },
    "production": {
      "ios": {
        "resourceClass": "m-medium"
      },
      "android": {
        "resourceClass": "medium"
      }
    }
  },
  "submit": {
    "production": {}
  }
}